ID,predicted_intention
8028,22
8029,31
8030,28
8031,28
8032,44
8033,22
8034,28
8035,28
8036,23
8037,28
8038,28
8039,28
8040,28
8041,48
8042,28
8043,28
8044,28
8045,28
8046,23
8047,22
8048,28
8049,31
8050,28
8051,31
8052,44
8053,42
8054,48
8055,31
8056,28
8057,31
8058,44
8059,22
8060,22
8061,34
8062,22
8063,23
8064,28
8065,28
8066,22
8067,28
8068,28
8069,28
8070,22
8071,44
8072,28
8073,22
8074,28
8075,28
8076,42
8077,28
8078,48
8079,28
8080,14
8081,23
8082,22
8083,28
8084,23
8085,22
8086,28
8087,22
8088,28
8089,28
8090,28
8091,28
8092,28
8093,28
8094,44
8095,34
8096,28
8097,31
8098,28
8099,28
8100,28
8101,28
8102,23
8103,22
8104,28
8105,48
8106,28
8107,22
8108,28
8109,31
8110,22
8111,28
8112,28
8113,31
8114,28
8115,44
8116,48
8117,31
8118,42
8119,14
8120,48
8121,28
8122,28
8123,14
8124,48
8125,44
8126,22
8127,28
8128,22
8129,28
8130,42
8131,44
8132,48
8133,23
8134,28
8135,28
8136,28
8137,28
8138,23
8139,28
8140,31
8141,22
8142,28
8143,44
8144,28
8145,28
8146,14
8147,22
8148,22
8149,28
8150,44
8151,28
8152,42
8153,22
8154,34
8155,44
8156,23
8157,14
8158,28
8159,28
8160,44
8161,44
8162,22
8163,28
8164,28
8165,28
8166,22
8167,28
8168,22
8169,22
8170,28
8171,44
8172,28
8173,28
8174,28
8175,28
8176,14
8177,28
8178,28
8179,28
8180,28
8181,28
8182,22
8183,23
8184,28
8185,31
8186,28
8187,22
8188,14
8189,32
8190,44
8191,14
8192,28
8193,44
8194,44
8195,23
8196,28
8197,28
8198,28
8199,34
8200,28
8201,28
8202,28
8203,28
8204,31
8205,28
8206,44
8207,44
8208,28
8209,22
8210,48
8211,22
8212,28
8213,28
8214,31
8215,28
8216,44
8217,28
8218,28
8219,32
8220,44
8221,28
8222,23
8223,31
8224,22
8225,28
8226,28
8227,28
8228,28
8229,44
8230,28
8231,28
8232,48
8233,31
8234,28
8235,28
8236,28
8237,48
8238,28
8239,28
8240,22
8241,48
8242,28
8243,32
8244,28
8245,28
8246,28
8247,28
8248,31
8249,28
8250,44
8251,48
8252,28
8253,28
8254,28
8255,28
8256,31
8257,31
8258,22
8259,34
8260,48
8261,44
8262,28
8263,31
8264,28
8265,28
8266,28
8267,44
8268,34
8269,34
8270,22
8271,28
8272,31
8273,31
8274,32
8275,48
8276,28
8277,28
8278,31
8279,28
8280,28
8281,28
8282,44
8283,28
8284,23
8285,32
8286,28
8287,32
8288,28
8289,42
8290,22
8291,14
8292,44
8293,14
8294,28
8295,28
8296,31
8297,14
8298,32
8299,28
8300,42
8301,31
8302,22
8303,31
8304,28
8305,31
8306,28
8307,23
8308,28
8309,31
8310,48
8311,28
8312,22
8313,31
8314,31
8315,28
8316,31
8317,48
8318,28
8319,34
8320,42
8321,28
8322,28
8323,28
8324,28
8325,28
8326,42
8327,44
8328,22
8329,34
8330,22
8331,44
8332,14
8333,28
8334,28
8335,32
8336,28
8337,28
8338,28
8339,44
8340,28
8341,28
8342,23
8343,14
8344,22
8345,28
8346,31
8347,34
8348,44
8349,22
8350,22
8351,22
8352,28
8353,28
8354,28
8355,28
8356,48
8357,32
8358,42
8359,28
8360,48
8361,28
8362,28
8363,42
8364,28
8365,28
8366,28
8367,28
8368,28
8369,48
8370,28
8371,28
8372,44
8373,28
8374,44
8375,22
8376,28
8377,28
8378,28
8379,42
8380,28
8381,28
8382,28
8383,28
8384,28
8385,28
8386,32
8387,34
8388,28
8389,28
8390,28
8391,28
8392,28
8393,34
8394,14
8395,23
8396,31
8397,28
8398,48
8399,28
8400,28
8401,14
8402,42
8403,28
8404,48
8405,14
8406,44
8407,31
8408,28
8409,44
8410,22
8411,28
8412,28
8413,31
8414,28
8415,28
8416,28
8417,31
8418,48
8419,28
8420,32
8421,44
8422,28
8423,28
8424,31
8425,31
8426,28
8427,34
8428,14
8429,32
8430,28
8431,28
8432,31
8433,23
8434,28
8435,28
8436,22
8437,28
8438,28
8439,28
8440,28
8441,28
8442,34
8443,14
8444,44
8445,31
8446,28
8447,22
8448,28
8449,34
8450,28
8451,28
8452,44
8453,42
8454,28
8455,22
8456,34
8457,28
8458,44
8459,28
8460,23
8461,28
8462,28
8463,28
8464,22
8465,34
8466,28
8467,14
8468,44
8469,28
8470,42
8471,28
8472,28
8473,28
8474,28
8475,28
8476,31
8477,28
8478,32
8479,34
8480,28
8481,28
8482,28
8483,28
8484,28
8485,31
8486,32
8487,28
8488,31
8489,42
8490,23
8491,28
8492,44
8493,28
8494,28
8495,28
8496,28
8497,14
8498,42
8499,28
8500,28
8501,28
8502,31
8503,28
8504,31
8505,34
8506,28
8507,28
8508,28
8509,28
8510,42
8511,28
8512,31
8513,32
8514,28
8515,31
8516,28
8517,28
8518,48
8519,28
8520,28
8521,28
8522,28
8523,22
8524,44
8525,28
8526,28
8527,28
8528,22
8529,31
8530,28
8531,22
8532,48
8533,22
8534,28
8535,28
8536,31
8537,28
8538,28
8539,28
8540,23
8541,28
8542,22
8543,42
8544,28
8545,28
8546,34
8547,42
8548,28
8549,28
8550,28
8551,28
8552,28
8553,28
8554,22
8555,22
8556,44
8557,28
8558,28
8559,42
8560,28
8561,31
8562,28
8563,44
8564,14
8565,31
8566,22
8567,14
8568,28
8569,28
8570,28
8571,28
8572,42
8573,44
8574,44
8575,32
8576,28
8577,28
8578,28
8579,28
8580,48
8581,28
8582,14
8583,28
8584,23
8585,28
8586,44
8587,28
8588,28
8589,28
8590,22
8591,22
8592,28
8593,22
8594,22
8595,32
8596,31
8597,23
8598,28
8599,28
8600,44
8601,28
8602,44
8603,22
8604,28
8605,28
8606,28
8607,44
8608,28
8609,28
8610,28
8611,28
8612,28
8613,48
8614,28
8615,28
8616,28
8617,28
8618,28
8619,28
8620,28
8621,28
8622,48
8623,48
8624,28
8625,22
8626,28
8627,28
8628,28
8629,28
8630,42
8631,22
8632,28
8633,44
8634,28
8635,28
8636,28
8637,28
8638,28
8639,28
8640,28
8641,42
8642,28
8643,28
8644,28
8645,28
8646,32
8647,22
8648,28
8649,28
8650,48
8651,31
8652,28
8653,28
8654,28
8655,31
8656,28
8657,31
8658,44
8659,31
8660,34
8661,31
8662,28
8663,22
8664,44
8665,28
8666,28
8667,28
8668,31
8669,28
8670,48
8671,28
8672,31
8673,14
8674,22
8675,48
8676,28
8677,28
8678,42
8679,23
8680,28
8681,28
8682,28
8683,31
8684,31
8685,28
8686,22
8687,34
8688,28
8689,14
8690,28
8691,28
8692,28
8693,23
8694,44
8695,28
8696,28
8697,42
8698,28
8699,28
8700,28
8701,28
8702,28
8703,28
8704,28
8705,44
8706,28
8707,42
8708,28
8709,28
8710,28
8711,34
8712,32
8713,44
8714,42
8715,28
8716,28
8717,22
8718,28
8719,28
8720,44
8721,28
8722,28
8723,28
8724,28
8725,22
8726,22
8727,48
8728,28
8729,42
8730,44
8731,28
8732,28
8733,32
8734,42
8735,42
8736,28
8737,28
8738,23
8739,28
8740,28
8741,44
8742,32
8743,28
8744,31
8745,28
8746,48
8747,31
8748,34
8749,22
8750,28
8751,28
8752,31
8753,28
8754,28
8755,14
8756,28
8757,28
8758,28
8759,34
8760,28
8761,28
8762,28
8763,28
8764,28
8765,32
8766,22
8767,28
8768,31
8769,22
8770,28
8771,28
8772,31
8773,32
8774,28
8775,34
8776,44
8777,28
8778,44
8779,28
8780,28
8781,28
8782,32
8783,42
8784,34
8785,28
8786,23
8787,22
8788,28
8789,28
8790,28
8791,28
8792,31
8793,28
8794,28
8795,32
8796,48
8797,28
8798,28
8799,28
8800,28
8801,28
8802,31
8803,28
8804,32
8805,42
8806,32
8807,22
8808,22
8809,44
8810,28
8811,44
8812,44
8813,28
8814,44
8815,22
8816,28
8817,42
8818,28
8819,22
8820,34
8821,28
8822,23
8823,28
8824,14
8825,22
8826,31
8827,22
8828,28
8829,28
8830,28
8831,31
8832,28
8833,31
8834,28
8835,31
8836,28
8837,28
8838,28
8839,28
8840,22
8841,28
8842,28
8843,28
8844,44
8845,28
8846,22
8847,48
8848,28
8849,28
8850,28
8851,22
8852,28
8853,22
8854,48
8855,28
8856,28
8857,28
8858,48
8859,28
8860,28
8861,22
8862,28
8863,22
8864,32
8865,28
8866,28
8867,28
8868,44
8869,22
8870,22
8871,28
8872,28
8873,42
8874,42
8875,28
8876,22
8877,28
8878,28
8879,28
8880,28
8881,22
8882,31
8883,28
8884,31
8885,14
8886,28
8887,28
8888,28
8889,28
8890,34
8891,28
8892,44
8893,28
8894,28
8895,42
8896,42
8897,22
8898,31
8899,28
8900,28
8901,28
8902,28
8903,28
8904,44
8905,31
8906,22
8907,14
8908,28
8909,28
8910,28
8911,28
8912,28
8913,22
8914,28
8915,31
8916,44
8917,31
8918,28
8919,42
8920,28
8921,28
8922,28
8923,28
8924,28
8925,28
8926,42
8927,44
8928,48
8929,28
8930,28
8931,28
8932,22
8933,28
8934,44
8935,28
8936,44
8937,42
8938,42
8939,42
8940,22
8941,44
8942,23
8943,28
8944,28
8945,28
8946,28
8947,28
8948,28
8949,44
8950,48
8951,44
8952,28
8953,28
8954,31
8955,42
8956,44
8957,28
8958,44
8959,28
8960,28
8961,42
8962,42
8963,28
8964,44
8965,48
8966,44
8967,48
8968,28
8969,23
8970,28
8971,28
8972,31
8973,22
8974,28
8975,28
8976,28
8977,28
8978,22
8979,28
8980,44
8981,28
8982,28
8983,22
8984,28
8985,34
8986,31
8987,48
8988,28
8989,23
8990,28
8991,44
8992,42
8993,28
8994,28
8995,28
8996,28
8997,34
8998,23
8999,28
9000,28
9001,28
9002,22
9003,28
9004,28
9005,28
9006,28
9007,48
9008,28
9009,31
9010,28
9011,28
9012,28
9013,28
9014,28
9015,28
9016,14
9017,22
9018,48
9019,28
9020,44
9021,22
9022,28
9023,44
9024,44
9025,22
9026,28
9027,28
9028,28
9029,22
9030,14
9031,28
9032,28
9033,28
9034,28
9035,28
9036,28
9037,28
9038,28
9039,22
9040,28
9041,48
9042,31
9043,44
9044,34
9045,28
9046,28
9047,22
9048,28
9049,28
9050,28
9051,28
9052,28
9053,28
9054,28
9055,31
9056,31
9057,14
9058,44
9059,32
9060,28
9061,28
9062,34
9063,28
9064,22
9065,28
9066,28
9067,28
9068,48
9069,34
9070,28
9071,31
9072,28
9073,34
9074,28
9075,28
9076,28
9077,31
9078,28
9079,28
9080,22
9081,34
9082,28
9083,28
9084,31
9085,48
9086,34
9087,42
9088,48
9089,22
9090,28
9091,22
9092,28
9093,28
9094,42
9095,48
9096,44
9097,31
9098,28
9099,34
9100,28
9101,31
9102,22
9103,28
9104,22
9105,44
9106,28
9107,22
9108,44
9109,28
9110,28
9111,28
9112,28
9113,31
9114,28
9115,48
9116,22
9117,22
9118,28
9119,28
9120,28
9121,28
9122,42
9123,28
9124,28
9125,22
9126,28
9127,28
9128,28
9129,31
9130,28
9131,14
9132,22
9133,14
9134,28
9135,28
9136,22
9137,28
9138,31
9139,22
9140,28
9141,22
9142,28
9143,22
9144,31
9145,28
9146,31
9147,28
9148,48
9149,28
9150,32
9151,28
9152,34
9153,28
9154,28
9155,28
9156,48
9157,22
9158,34
9159,28
9160,22
9161,28
9162,28
9163,28
9164,28
9165,28
9166,32
9167,22
9168,31
9169,28
9170,14
9171,28
9172,28
9173,31
9174,28
9175,28
9176,28
9177,28
9178,28
9179,28
9180,28
9181,22
9182,48
9183,22
9184,28
9185,28
9186,28
9187,22
9188,28
9189,34
9190,42
9191,34
9192,48
9193,23
9194,28
9195,28
9196,44
9197,42
9198,22
9199,31
9200,28
9201,28
9202,28
9203,28
9204,28
9205,22
9206,23
9207,48
9208,48
9209,28
9210,22
9211,28
9212,28
9213,42
9214,32
9215,28
9216,34
9217,28
9218,28
9219,28
9220,34
9221,22
9222,28
9223,28
9224,44
9225,23
9226,32
9227,28
9228,42
9229,14
9230,22
9231,14
9232,44
9233,28
9234,28
9235,28
9236,28
9237,28
9238,28
9239,28
9240,48
9241,28
9242,31
9243,28
9244,28
9245,28
9246,28
9247,22
9248,28
9249,31
9250,14
9251,28
9252,28
9253,28
9254,22
9255,31
9256,31
9257,28
9258,14
9259,28
9260,28
9261,34
9262,14
9263,28
9264,28
9265,28
9266,28
9267,28
9268,44
9269,14
9270,42
9271,22
9272,28
9273,48
9274,22
9275,23
9276,42
9277,28
9278,31
9279,22
9280,32
9281,28
9282,31
9283,34
9284,44
9285,28
9286,22
9287,28
9288,22
9289,28
9290,28
9291,42
9292,22
9293,28
9294,22
9295,31
9296,32
9297,28
9298,22
9299,28
9300,14
9301,42
9302,28
9303,31
9304,28
9305,28
9306,42
9307,28
9308,28
9309,44
9310,23
9311,22
9312,31
9313,28
9314,34
9315,28
9316,31
9317,14
9318,34
9319,44
9320,23
9321,48
9322,28
9323,28
9324,48
9325,44
9326,28
9327,14
9328,14
9329,28
9330,22
9331,28
9332,42
9333,22
9334,22
9335,28
9336,31
9337,28
9338,22
9339,48
9340,22
9341,28
9342,22
9343,31
9344,28
9345,28
9346,32
9347,22
9348,48
9349,44
9350,28
9351,28
9352,28
9353,28
9354,44
9355,22
9356,14
9357,28
9358,28
9359,48
9360,28
9361,28
9362,28
9363,32
9364,22
9365,28
9366,44
9367,28
9368,22
9369,14
9370,28
9371,28
9372,22
9373,28
9374,28
9375,28
9376,28
9377,28
9378,22
9379,44
9380,44
9381,31
9382,28
9383,28
9384,28
9385,28
9386,31
9387,22
9388,44
9389,28
9390,22
9391,28
9392,28
9393,42
9394,22
9395,28
9396,28
9397,28
9398,23
9399,28
9400,28
9401,31
9402,28
9403,22
9404,28
9405,31
9406,28
9407,28
9408,44
9409,28
9410,44
9411,32
9412,31
9413,28
9414,28
9415,28
9416,48
9417,22
9418,32
9419,28
9420,34
9421,42
9422,28
9423,28
9424,22
9425,28
9426,44
9427,28
9428,31
9429,44
9430,32
9431,28
9432,22
9433,28
9434,28
9435,28
9436,28
9437,28
9438,28
9439,28
9440,22
9441,28
9442,28
9443,28
9444,44
9445,23
9446,31
9447,28
9448,28
9449,28
9450,42
9451,31
9452,28
9453,48
9454,28
9455,32
9456,22
9457,28
9458,28
9459,28
9460,28
9461,28
9462,28
9463,31
9464,14
9465,42
9466,44
9467,28
9468,22
9469,22
9470,28
9471,22
9472,28
9473,28
9474,28
9475,28
9476,32
9477,28
9478,28
9479,42
9480,42
9481,28
9482,22
9483,48
9484,22
9485,28
9486,32
9487,28
9488,31
9489,28
9490,28
9491,23
9492,28
9493,48
9494,22
9495,28
9496,44
9497,28
9498,44
9499,34
9500,34
9501,28
9502,28
9503,22
9504,28
9505,34
9506,28
9507,14
9508,44
9509,28
9510,44
9511,28
9512,22
9513,28
9514,28
9515,28
9516,22
9517,22
9518,28
9519,28
9520,28
9521,28
9522,42
9523,44
9524,22
9525,34
9526,28
9527,22
9528,28
9529,28
9530,48
9531,28
9532,22
9533,28
9534,28
9535,22
9536,14
9537,28
9538,42
9539,48
9540,28
9541,23
9542,48
9543,44
9544,28
9545,28
9546,28
9547,31
9548,28
9549,28
9550,28
9551,28
9552,42
9553,28
9554,28
9555,28
9556,28
9557,22
9558,44
9559,28
9560,22
9561,14
9562,28
9563,28
9564,28
9565,28
9566,23
9567,28
9568,28
9569,28
9570,14
9571,22
9572,28
9573,44
9574,28
9575,28
9576,28
9577,28
9578,28
9579,32
9580,28
9581,42
9582,14
9583,28
9584,28
9585,28
9586,14
9587,44
9588,28
9589,48
9590,28
9591,28
9592,32
9593,42
9594,31
9595,28
9596,28
9597,22
9598,28
9599,48
9600,28
9601,28
9602,28
9603,32
9604,23
9605,22
9606,34
9607,22
9608,28
9609,28
9610,44
9611,28
9612,44
9613,23
9614,28
9615,28
9616,14
9617,31
9618,34
9619,14
9620,28
9621,31
9622,28
9623,32
9624,42
9625,32
9626,31
9627,22
9628,22
9629,28
9630,28
9631,48
9632,28
9633,28
9634,31
9635,28
9636,28
9637,28
9638,28
9639,28
9640,28
9641,28
9642,28
9643,14
9644,28
9645,23
9646,28
9647,23
9648,48
9649,28
9650,44
9651,42
9652,22
9653,22
9654,28
9655,14
9656,28
9657,31
9658,28
9659,44
9660,28
9661,14
9662,23
9663,28
9664,28
9665,28
9666,28
9667,28
9668,28
9669,34
9670,28
9671,28
9672,14
9673,28
9674,22
9675,34
9676,28
9677,28
9678,28
9679,28
9680,28
9681,32
9682,28
9683,28
9684,28
9685,44
9686,28
9687,28
9688,22
9689,28
9690,31
9691,28
9692,42
9693,28
9694,44
9695,32
9696,28
9697,28
9698,28
9699,28
9700,31
9701,44
9702,28
9703,28
9704,28
9705,28
9706,28
9707,28
9708,32
9709,28
9710,28
9711,28
9712,31
9713,28
9714,42
9715,34
9716,23
9717,28
9718,28
9719,48
9720,44
9721,48
9722,28
9723,23
9724,14
9725,34
9726,44
9727,31
9728,28
9729,28
9730,31
9731,28
9732,42
9733,28
9734,28
9735,28
9736,14
9737,34
9738,48
9739,44
9740,31
9741,28
9742,44
9743,44
9744,28
9745,42
9746,44
9747,14
9748,28
9749,28
9750,48
9751,22
9752,28
9753,22
9754,28
9755,44
9756,28
9757,23
9758,28
9759,28
9760,22
9761,22
9762,44
9763,28
9764,42
9765,28
9766,28
9767,34
9768,28
9769,22
9770,28
9771,32
9772,28
9773,23
9774,28
9775,48
9776,32
9777,28
9778,31
9779,34
9780,42
9781,28
9782,31
9783,14
9784,23
9785,22
9786,44
9787,14
9788,28
9789,31
9790,28
9791,28
9792,34
9793,48
9794,28
9795,44
9796,28
9797,28
9798,44
9799,42
9800,28
9801,28
9802,48
9803,22
9804,48
9805,28
9806,22
9807,22
9808,14
9809,28
9810,28
9811,22
9812,14
9813,22
9814,28
9815,22
9816,34
9817,28
9818,28
9819,28
9820,14
9821,34
9822,44
9823,28
9824,44
9825,44
9826,14
9827,48
9828,23
9829,22
9830,28
9831,31
9832,28
9833,31
9834,28
9835,28
9836,14
9837,44
9838,28
9839,23
9840,44
9841,34
9842,28
9843,44
9844,34
9845,28
9846,28
9847,28
9848,28
9849,28
9850,28
9851,28
9852,44
9853,28
9854,28
9855,22
9856,28
9857,32
9858,28
9859,22
9860,28
9861,44
9862,48
9863,42
9864,28
9865,32
9866,23
9867,28
9868,28
9869,22
9870,31
9871,44
9872,22
9873,28
9874,22
9875,34
9876,48
9877,32
9878,44
9879,32
9880,32
9881,28
9882,44
9883,31
9884,28
9885,22
9886,28
9887,28
9888,28
9889,34
9890,23
9891,28
9892,42
9893,48
9894,28
9895,44
9896,32
9897,44
9898,22
9899,22
9900,23
9901,28
9902,28
9903,28
9904,28
9905,28
9906,28
9907,48
9908,31
9909,44
9910,28
9911,28
9912,14
9913,28
9914,32
9915,28
9916,28
9917,28
9918,44
9919,14
9920,28
9921,28
9922,28
9923,28
9924,28
9925,28
9926,14
9927,32
9928,28
9929,28
9930,28
9931,22
9932,22
9933,28
9934,31
9935,28
9936,31
9937,22
9938,28
9939,22
9940,14
9941,28
9942,28
9943,44
9944,23
9945,28
9946,48
9947,31
9948,31
9949,28
9950,28
9951,28
9952,28
9953,28
9954,42
9955,14
9956,22
9957,22
9958,14
9959,28
9960,28
9961,14
9962,14
9963,28
9964,28
9965,28
9966,28
9967,14
9968,34
9969,48
9970,31
9971,14
9972,28
9973,32
9974,44
9975,31
9976,28
9977,44
9978,44
9979,31
9980,28
9981,28
9982,34
9983,22
9984,28
9985,28
9986,44
9987,28
9988,28
9989,28
9990,28
9991,28
9992,28
9993,28
9994,28
9995,28
9996,28
9997,28
9998,28
9999,28
10000,31
10001,28
10002,14
10003,31
10004,28
10005,44
10006,23
10007,28
10008,28
10009,42
10010,28
10011,48
10012,23
10013,28
10014,22
10015,28
10016,22
10017,34
10018,28
10019,28
10020,28
10021,32
10022,28
10023,14
10024,28
10025,34
10026,22
10027,28
10028,28
10029,34
10030,42
10031,28
10032,28
10033,23
10034,34
10035,28
10036,28
10037,44
10038,28
10039,28
10040,28
10041,28
10042,28
10043,28
10044,44
10045,28
10046,34
10047,22
10048,32
10049,44
10050,28
10051,28
10052,28
10053,22
10054,28
10055,31
10056,31
10057,22
10058,44
10059,28
10060,28
10061,14
10062,34
